[{"DocumentTypeId":"Finance.Incoming.Invoices","Keywords":[{"Values":["invoice","invoice number"],"NumberOfTimesConfirmed":1,"LastUpdated":"2020-11-08T20:51:23.4127119+05:30"},{"Values":["date","date of issue"],"NumberOfTimesConfirmed":1,"LastUpdated":"2020-11-08T20:51:23.4147088+05:30"},{"Values":["amount","total amount"],"NumberOfTimesConfirmed":1,"LastUpdated":"2020-11-08T20:51:23.4147088+05:30"},{"Values":["tax"],"NumberOfTimesConfirmed":1,"LastUpdated":"2020-11-08T20:51:23.4147088+05:30"},{"Values":["billed to"],"NumberOfTimesConfirmed":1,"LastUpdated":"2020-11-08T20:51:23.4147088+05:30"},{"Values":["subtotal"],"NumberOfTimesConfirmed":1,"LastUpdated":"2020-11-08T20:51:23.4147088+05:30"}]}]
