﻿{
  "DataContractVersion": "1.1",
  "DocumentTypes": [
    {
      "DocumentTypeId": "Finance.Incoming.Invoices",
      "Group": "Finance",
      "Category": "Incoming",
      "Name": "Invoices",
      "OptionalUniqueIdentifier": null,
      "TypeField": {
        "FieldId": "Finance.Incoming.Invoices.DocumentType",
        "FieldName": "Document Type"
      },
      "Fields": [
        {
          "FieldId": "Finance.Incoming.Invoices.CompanyName",
          "FieldName": "Company Name",
          "IsMultiValue": false,
          "Type": "Name",
          "DeriveFieldsFormat": "",
          "Components": [],
          "SetValues": [],
          "Metadata": [
            {
              "Key": "RequiresReference",
              "Value": "true"
            }
          ]
        },
        {
          "FieldId": "Finance.Incoming.Invoices.InvoiceNumber",
          "FieldName": "Invoice Number",
          "IsMultiValue": false,
          "Type": "Text",
          "DeriveFieldsFormat": "",
          "Components": [],
          "SetValues": [],
          "Metadata": [
            {
              "Key": "RequiresReference",
              "Value": "true"
            }
          ]
        },
        {
          "FieldId": "Finance.Incoming.Invoices.DateofIssue",
          "FieldName": "Date of Issue",
          "IsMultiValue": false,
          "Type": "Date",
          "DeriveFieldsFormat": "(MM/DD/YYYY)",
          "Components": [],
          "SetValues": [],
          "Metadata": [
            {
              "Key": "RequiresReference",
              "Value": "true"
            }
          ]
        },
        {
          "FieldId": "Finance.Incoming.Invoices.BillingAddress",
          "FieldName": "Billing Address",
          "IsMultiValue": false,
          "Type": "Text",
          "DeriveFieldsFormat": "",
          "Components": [],
          "SetValues": [],
          "Metadata": [
            {
              "Key": "RequiresReference",
              "Value": "true"
            }
          ]
        },
        {
          "FieldId": "Finance.Incoming.Invoices.Items",
          "FieldName": "Items",
          "IsMultiValue": false,
          "Type": "Table",
          "DeriveFieldsFormat": "",
          "Components": [
            {
              "FieldId": "Finance.Incoming.Invoices.Items.ItemDescription",
              "FieldName": "Item Description",
              "IsMultiValue": false,
              "Type": "Text",
              "DeriveFieldsFormat": "",
              "Components": [],
              "SetValues": [],
              "Metadata": [
                {
                  "Key": "RequiresReference",
                  "Value": "true"
                }
              ]
            },
            {
              "FieldId": "Finance.Incoming.Invoices.Items.UnitCost",
              "FieldName": "Unit Cost",
              "IsMultiValue": false,
              "Type": "Number",
              "DeriveFieldsFormat": "",
              "Components": [],
              "SetValues": [],
              "Metadata": [
                {
                  "Key": "RequiresReference",
                  "Value": "true"
                }
              ]
            },
            {
              "FieldId": "Finance.Incoming.Invoices.Items.Quantity",
              "FieldName": "Quantity",
              "IsMultiValue": false,
              "Type": "Number",
              "DeriveFieldsFormat": "",
              "Components": [],
              "SetValues": [],
              "Metadata": [
                {
                  "Key": "RequiresReference",
                  "Value": "true"
                }
              ]
            },
            {
              "FieldId": "Finance.Incoming.Invoices.Items.Amount",
              "FieldName": "Amount",
              "IsMultiValue": false,
              "Type": "Number",
              "DeriveFieldsFormat": "",
              "Components": [],
              "SetValues": [],
              "Metadata": [
                {
                  "Key": "RequiresReference",
                  "Value": "true"
                }
              ]
            }
          ],
          "SetValues": [],
          "Metadata": [
            {
              "Key": "RequiresReference",
              "Value": "true"
            }
          ]
        },
        {
          "FieldId": "Finance.Incoming.Invoices.Subtotal",
          "FieldName": "Subtotal",
          "IsMultiValue": false,
          "Type": "Number",
          "DeriveFieldsFormat": "",
          "Components": [],
          "SetValues": [],
          "Metadata": [
            {
              "Key": "RequiresReference",
              "Value": "true"
            }
          ]
        },
        {
          "FieldId": "Finance.Incoming.Invoices.DiscountRate",
          "FieldName": "Discount Rate",
          "IsMultiValue": false,
          "Type": "Number",
          "DeriveFieldsFormat": "",
          "Components": [],
          "SetValues": [],
          "Metadata": [
            {
              "Key": "RequiresReference",
              "Value": "true"
            }
          ]
        },
        {
          "FieldId": "Finance.Incoming.Invoices.TaxAmount",
          "FieldName": "Tax Amount",
          "IsMultiValue": false,
          "Type": "Number",
          "DeriveFieldsFormat": "",
          "Components": [],
          "SetValues": [],
          "Metadata": [
            {
              "Key": "RequiresReference",
              "Value": "true"
            }
          ]
        },
        {
          "FieldId": "Finance.Incoming.Invoices.Currency",
          "FieldName": "Currency",
          "IsMultiValue": false,
          "Type": "Text",
          "DeriveFieldsFormat": "",
          "Components": [],
          "SetValues": [],
          "Metadata": [
            {
              "Key": "RequiresReference",
              "Value": "true"
            }
          ]
        },
        {
          "FieldId": "Finance.Incoming.Invoices.TotalAmount",
          "FieldName": "Total Amount",
          "IsMultiValue": false,
          "Type": "Number",
          "DeriveFieldsFormat": "",
          "Components": [],
          "SetValues": [],
          "Metadata": [
            {
              "Key": "RequiresReference",
              "Value": "true"
            }
          ]
        }
      ]
    }
  ],
  "Groups": [
    {
      "Name": "Finance",
      "Categories": [
        "Incoming"
      ]
    }
  ],
  "SupportedLanguages": [
    {
      "Name": "Undetermined Language",
      "Code": "und"
    },
    {
      "Name": "Bulgarian",
      "Code": "bul"
    },
    {
      "Name": "Cantonese",
      "Code": "yue"
    },
    {
      "Name": "Danish",
      "Code": "dan"
    },
    {
      "Name": "Dutch",
      "Code": "nld"
    },
    {
      "Name": "English",
      "Code": "eng"
    },
    {
      "Name": "French",
      "Code": "fra"
    },
    {
      "Name": "Georgian",
      "Code": "kat"
    },
    {
      "Name": "German",
      "Code": "deu"
    },
    {
      "Name": "Greek",
      "Code": "ell"
    },
    {
      "Name": "Hebrew",
      "Code": "heb"
    },
    {
      "Name": "Hindi",
      "Code": "hin"
    },
    {
      "Name": "Italian",
      "Code": "ita"
    },
    {
      "Name": "Japanese",
      "Code": "jpn"
    },
    {
      "Name": "Korean",
      "Code": "kor"
    },
    {
      "Name": "Macedonian",
      "Code": "mkd"
    },
    {
      "Name": "Mandarin",
      "Code": "zho"
    },
    {
      "Name": "Marathi",
      "Code": "mar"
    },
    {
      "Name": "Norwegian",
      "Code": "nor"
    },
    {
      "Name": "Polish",
      "Code": "pol"
    },
    {
      "Name": "Portuguese",
      "Code": "por"
    },
    {
      "Name": "Romanian",
      "Code": "ron"
    },
    {
      "Name": "Russian",
      "Code": "rus"
    },
    {
      "Name": "Serbian",
      "Code": "srp"
    },
    {
      "Name": "Spanish",
      "Code": "spa"
    },
    {
      "Name": "Swedish",
      "Code": "swe"
    },
    {
      "Name": "Telugu",
      "Code": "tel"
    }
  ]
}